seed_wallet,related_wallet,hop_distance,relation_type,direct_tx_count,direct_value_sum
17gd1msp5FnMcEMF1MitTNSsYs7w7AQyCt,1C16gryMPfsLt65ZopYyTQ3MeS3UcAvHpo,1,bidirectional,2,99200363
17gd1msp5FnMcEMF1MitTNSsYs7w7AQyCt,1JH5kvmt4EB4h6qnLMcJZN4uP8g2oAQT57,1,bidirectional,2,51330000
17gd1msp5FnMcEMF1MitTNSsYs7w7AQyCt,13bi2c1QMY9kPeTFHiEeDzfep5HULwX39B,1,bidirectional,2,99111026
17gd1msp5FnMcEMF1MitTNSsYs7w7AQyCt,1FEL3kPetmJiiytjGqUd5mGshe4hxFqoSr,1,bidirectional,2,22530000
17gd1msp5FnMcEMF1MitTNSsYs7w7AQyCt,156vKXVkdEhSbP1oLbDe3qVntu9pYaAj4o,1,bidirectional,2,77562682
17gd1msp5FnMcEMF1MitTNSsYs7w7AQyCt,199ovVv4hRGY5MbRmaZ2Ea94T8BiQdufvQ,1,bidirectional,2,89162077
17gd1msp5FnMcEMF1MitTNSsYs7w7AQyCt,1MFDT8xZDFZHgKi7P8cDK28X1SBDbtzFAT,1,bidirectional,2,28130000
17gd1msp5FnMcEMF1MitTNSsYs7w7AQyCt,1Cauz32fDDoSotQMZWLqUHEe9ud8JnsnFP,1,bidirectional,2,69330000
17gd1msp5FnMcEMF1MitTNSsYs7w7AQyCt,1PSts4MYKnzWVH3AEgD87rG4XSjpMhzWwC,1,bidirectional,2,61330000
17gd1msp5FnMcEMF1MitTNSsYs7w7AQyCt,1JA4noxzQqz1RN1FrgcY8fBByzXUPhnFam,1,bidirectional,2,82401670
17gd1msp5FnMcEMF1MitTNSsYs7w7AQyCt,1KvFTK6nJZ1caj1bzYR7Ls25BvJoaj6xA7,1,bidirectional,4,190192302
17gd1msp5FnMcEMF1MitTNSsYs7w7AQyCt,1KDfJ8jRRZWDKTjD85WKcQBUzaucGvoR1q,1,bidirectional,2,82095091
17gd1msp5FnMcEMF1MitTNSsYs7w7AQyCt,19szpcrSsgJbvdBR7oF4RbtckUWjUu2yYZ,1,incoming,1,50000000
17gd1msp5FnMcEMF1MitTNSsYs7w7AQyCt,13b29XgBMDiPnbEzTfGTur3E6ETen88fYM,1,bidirectional,2,97305797
17gd1msp5FnMcEMF1MitTNSsYs7w7AQyCt,17pmbQJm5hYCsohxvC3WN1o6VZC5feFHU7,1,bidirectional,2,97858494
17gd1msp5FnMcEMF1MitTNSsYs7w7AQyCt,1K7dBQFGdEEpnSCCJCf4HPXagHFmRCUYoU,1,bidirectional,2,99374784
17gd1msp5FnMcEMF1MitTNSsYs7w7AQyCt,162EgGu37pQcf1Cy1d1ozqP5w9XTECFf2C,1,bidirectional,2,94178321
17gd1msp5FnMcEMF1MitTNSsYs7w7AQyCt,1J5DEHF8nbddZzK4BFBFuYXmZFLkBsevDi,1,bidirectional,2,96069323
17gd1msp5FnMcEMF1MitTNSsYs7w7AQyCt,1BZoLKLCaT7djLuAkg5NM4FkN74zZqiUHz,1,bidirectional,2,46130000
17gd1msp5FnMcEMF1MitTNSsYs7w7AQyCt,1LFYY4i34P3YTtBbezzLEQ8Qf2aZYbJtM9,1,bidirectional,2,22930000
17gd1msp5FnMcEMF1MitTNSsYs7w7AQyCt,1JPogn3taxwjPzXd1tV2piAFKyCqWmGAo5,1,bidirectional,2,87287711
17gd1msp5FnMcEMF1MitTNSsYs7w7AQyCt,1FaqynnBmHSvRijJY19ih9QU7mis4RTz4m,1,bidirectional,2,99764317
17gd1msp5FnMcEMF1MitTNSsYs7w7AQyCt,149WwfCKncef41EZN44Qk2w6iebqsRoQ34,1,outgoing,1,16771
17gd1msp5FnMcEMF1MitTNSsYs7w7AQyCt,12GzrvTMDLaRN2NMTxsRfsCZb8My3dKyAs,1,bidirectional,2,79995726
17gd1msp5FnMcEMF1MitTNSsYs7w7AQyCt,1PBfkYBUfXSZFoQfhTVG9Tx2w4QmSHA4C1,1,bidirectional,2,32530000
17gd1msp5FnMcEMF1MitTNSsYs7w7AQyCt,1NLJAPjJCQsgcVxky7CPWkGnCyeDN4T5bq,1,bidirectional,2,93989563
17gd1msp5FnMcEMF1MitTNSsYs7w7AQyCt,1EEb86CX9ygFhf6HuWxaDTb42R87aonbWB,1,bidirectional,2,67330000
17gd1msp5FnMcEMF1MitTNSsYs7w7AQyCt,18dAWGqrFu2sFjM6gUbvdThMYvv8bQV4Gu,1,bidirectional,2,71330000
17gd1msp5FnMcEMF1MitTNSsYs7w7AQyCt,1NKKeMD5HsuX774LdQBonpPDi2Wb5TQJoQ,1,bidirectional,2,98061199
17gd1msp5FnMcEMF1MitTNSsYs7w7AQyCt,1C4ZiETsnxr8Gvc1ZG7nf56uWZAMa4zVzx,1,bidirectional,2,78517402
17gd1msp5FnMcEMF1MitTNSsYs7w7AQyCt,15RHEyDGhSnGyb8C9H2JbLeMqgmbYzcYsw,1,bidirectional,2,95999612
17gd1msp5FnMcEMF1MitTNSsYs7w7AQyCt,191jcq6hyZRTFBBaXtUuEk7gkdGB2kLPb3,1,bidirectional,2,79110291
17gd1msp5FnMcEMF1MitTNSsYs7w7AQyCt,1AzkuxChzMB42DN41Ab1sNJ1n4aFP5R47x,1,bidirectional,2,20530000
17gd1msp5FnMcEMF1MitTNSsYs7w7AQyCt,16nXpNUH84ibTNi2MCo9u2yfAeQKqwcbdf,1,bidirectional,2,30130000
17gd1msp5FnMcEMF1MitTNSsYs7w7AQyCt,1J3u6fE7cwdbCvSoc9ySwBus82SujNQBPo,1,bidirectional,2,98233950
17gd1msp5FnMcEMF1MitTNSsYs7w7AQyCt,14ThAoNnG2EBB3XCvC8L7LZK9mA2jfJUvs,1,bidirectional,2,96840800
17gd1msp5FnMcEMF1MitTNSsYs7w7AQyCt,1GY9BoSD9Wm4UBsQu12epd9ZA5rd5FY1i8,1,bidirectional,2,22130000
17gd1msp5FnMcEMF1MitTNSsYs7w7AQyCt,12HYgysJMshSLgr7tzzb7aPrYyKbnGg6DL,1,bidirectional,2,24130000
17gd1msp5FnMcEMF1MitTNSsYs7w7AQyCt,13uPKYbXAExZVAy4MQGf7bRy8tPTbKsH3C,1,bidirectional,2,57730000
17gd1msp5FnMcEMF1MitTNSsYs7w7AQyCt,189oKCjGZqQVKTTuEo1RovVL1VYLUTb8WV,1,bidirectional,2,95395835
17gd1msp5FnMcEMF1MitTNSsYs7w7AQyCt,1JpB8wHpX2VY3wCYG81xxRCSdiafVmNsCy,1,bidirectional,2,35730000
17gd1msp5FnMcEMF1MitTNSsYs7w7AQyCt,19DmuAvj9w3cG79uV7TDcdFPbAm2UwjkDE,1,bidirectional,2,92478395
17gd1msp5FnMcEMF1MitTNSsYs7w7AQyCt,1D8D9wk6rbbPmtpYwM8X7PZzGT7Yn3NUSn,1,bidirectional,2,56930000
17gd1msp5FnMcEMF1MitTNSsYs7w7AQyCt,1FGYwmafUQGLmKjJFXsrrLPXfQxcUp5YMZ,1,bidirectional,2,23330000
17gd1msp5FnMcEMF1MitTNSsYs7w7AQyCt,19efgo9RMQtaZoemS5nAPwEVb7mPZDEhtq,1,bidirectional,2,81799227
17gd1msp5FnMcEMF1MitTNSsYs7w7AQyCt,18KkhLrLX5WbcwpGMvB4hVi9gK5EdWuDT5,1,bidirectional,2,59730000
17gd1msp5FnMcEMF1MitTNSsYs7w7AQyCt,1EM2j48D44vgosLA8eR68yeTb9CcPmeuPJ,1,bidirectional,2,75848163
17gd1msp5FnMcEMF1MitTNSsYs7w7AQyCt,1JzMJr7hFwNfWRFQmeoxwepZ1rJV3Xow8e,1,bidirectional,2,31730000
17gd1msp5FnMcEMF1MitTNSsYs7w7AQyCt,1MS2rXnNbrPuhUsM3DFtYWnyhYmFQwDXiZ,1,bidirectional,2,36530000
17gd1msp5FnMcEMF1MitTNSsYs7w7AQyCt,1H1WDB7NmYjKmzaMzDRrB2MCucQiERsCcB,1,bidirectional,2,97446663
17gd1msp5FnMcEMF1MitTNSsYs7w7AQyCt,17g6gcu7zqG8ALdVkPdKtULGGbntqzJqNT,1,bidirectional,2,58530000
17gd1msp5FnMcEMF1MitTNSsYs7w7AQyCt,1KtJseH5AtCYoUdeLNKMiUtTW74ArFRBt,1,bidirectional,2,60130000
17gd1msp5FnMcEMF1MitTNSsYs7w7AQyCt,19h8GCuwhZ1pLCwcRXx9UARAfsk3cFNDYf,1,bidirectional,2,93545831
17gd1msp5FnMcEMF1MitTNSsYs7w7AQyCt,13XWN9X52vgwkEmDCcnuLrmwe42brHyDQk,1,bidirectional,2,45330000
17gd1msp5FnMcEMF1MitTNSsYs7w7AQyCt,16aY2SZffsDuqP1jZCR6Frv5JW8Qap7Bbb,1,bidirectional,2,74530000
17gd1msp5FnMcEMF1MitTNSsYs7w7AQyCt,12ur2ubBN4D6yom6JbgbQQoQFTKhAVzCS9,1,bidirectional,2,98746451
17gd1msp5FnMcEMF1MitTNSsYs7w7AQyCt,1JW2Lx1dEbfV2L6Ska2xgv8C6cj5cQ2d7D,1,bidirectional,2,72130000
17gd1msp5FnMcEMF1MitTNSsYs7w7AQyCt,1HdVyhN9bwDXxEQpr1DEbv5m6JNXVBBHQT,1,bidirectional,2,98655904
17gd1msp5FnMcEMF1MitTNSsYs7w7AQyCt,13GMVMrJGitzfbuNakAcLJsreHBgzETf2w,1,bidirectional,2,71730000
17gd1msp5FnMcEMF1MitTNSsYs7w7AQyCt,1G6EVxFe5NeANAgGSLC2JFvLbo5e4gcvCf,1,bidirectional,2,98312383
17gd1msp5FnMcEMF1MitTNSsYs7w7AQyCt,13SjDF9hKGniA6KAYieSsgFhaZsw2QkE4K,1,bidirectional,2,69730000
17gd1msp5FnMcEMF1MitTNSsYs7w7AQyCt,135NT3kXt4SC4jmfaNQzao5psMHp8YzuTo,1,bidirectional,2,20930000
17gd1msp5FnMcEMF1MitTNSsYs7w7AQyCt,1GgNysiRu47cGxqz1SwXJ4N9duut8LwQii,1,bidirectional,2,99863076
17gd1msp5FnMcEMF1MitTNSsYs7w7AQyCt,1PS36s1M6FPH8BYsddfAPQedoVYfm2ZsV3,1,bidirectional,2,49730000
17gd1msp5FnMcEMF1MitTNSsYs7w7AQyCt,145rzBPWvWCfZAq7GJ8oL5JGeb9MpBuQUC,1,bidirectional,2,66530000
17gd1msp5FnMcEMF1MitTNSsYs7w7AQyCt,1NHKoU47sxQtSEh4adYsFopiGJsh6SUAMQ,1,bidirectional,2,37330000
17gd1msp5FnMcEMF1MitTNSsYs7w7AQyCt,1A7ivnDR7uYkLGad3KFHfCfDFB5sRz7ST7,1,bidirectional,2,50930000
17gd1msp5FnMcEMF1MitTNSsYs7w7AQyCt,1GnLSiFtWTrTBABTM6YWcVty9JfQGEbGab,1,bidirectional,2,60930000
17gd1msp5FnMcEMF1MitTNSsYs7w7AQyCt,1JhNvTxfYmH3sT4Hd2K6Mtos2QdMVwe697,1,bidirectional,2,42130000
17gd1msp5FnMcEMF1MitTNSsYs7w7AQyCt,1CGfFYsEUhT6E2aRYm5vQQ2ksVt4WE6U3w,1,bidirectional,2,96154846
17gd1msp5FnMcEMF1MitTNSsYs7w7AQyCt,12NWSVnDzf3xy6AEKWgprtTN7zaH9PKBw1,1,bidirectional,2,20130000
17gd1msp5FnMcEMF1MitTNSsYs7w7AQyCt,12umzFp94omsvWrxaUzQzSGVNgdPaH5jNZ,1,bidirectional,2,61730000
17gd1msp5FnMcEMF1MitTNSsYs7w7AQyCt,12A63K4CBQayPMGemrF1Y47GDmgG91EtSv,1,bidirectional,2,48130000
17gd1msp5FnMcEMF1MitTNSsYs7w7AQyCt,1K1DxtU1RUoxQiBBhhkZgRg29z6jw2m55a,1,bidirectional,4,191624608
17gd1msp5FnMcEMF1MitTNSsYs7w7AQyCt,1MWiPuXTivSYg2is9QSf1YNoRviZJDxMt7,1,bidirectional,2,86988427
17gd1msp5FnMcEMF1MitTNSsYs7w7AQyCt,13uVRyNnYXqUqF6kdjk4YoKmsfbRkLh1wE,1,bidirectional,2,97699248
17gd1msp5FnMcEMF1MitTNSsYs7w7AQyCt,12vmWwh2D3DviMHMd3uo8eicuJaj6F52qJ,1,bidirectional,2,95569649
17gd1msp5FnMcEMF1MitTNSsYs7w7AQyCt,173w9wWupNMi8X118yX1AppCaXXc2pXFPb,1,bidirectional,2,49330000
17gd1msp5FnMcEMF1MitTNSsYs7w7AQyCt,1ACHjvz322M8EJ5SobNQHWi6hhBKAgN8Jd,1,bidirectional,2,99544056
17gd1msp5FnMcEMF1MitTNSsYs7w7AQyCt,1Nos7NJGBnt5D73vNBasBTuFU17VX4ygaA,1,bidirectional,2,80926563
17gd1msp5FnMcEMF1MitTNSsYs7w7AQyCt,1Htavi4sXFRvrbRndUU8icf3EkTHbQFw6k,1,incoming,1,22300000
17gd1msp5FnMcEMF1MitTNSsYs7w7AQyCt,19wkwFSFyjWUhvNSuEMpFVoCp2tYFP8ouq,1,bidirectional,2,96654529
17gd1msp5FnMcEMF1MitTNSsYs7w7AQyCt,14udEpnWvtMDGkwSdqFXVTHe6AAkH4wUoE,1,bidirectional,2,42930000
17gd1msp5FnMcEMF1MitTNSsYs7w7AQyCt,16wFp7c9QKtiZMb5LebB2Q4A2X66W1Ngpw,1,bidirectional,2,98583202
17gd1msp5FnMcEMF1MitTNSsYs7w7AQyCt,1K1ZdatwoFrQJdPqzfoab6veFABrNkCCc,1,bidirectional,2,99957060
17gd1msp5FnMcEMF1MitTNSsYs7w7AQyCt,1APgrNrWqB4NLA7mz33qkEhAL1fDyCDH5b,1,bidirectional,2,25730000
17gd1msp5FnMcEMF1MitTNSsYs7w7AQyCt,12vPKCajYcreJftp5UsGU4WCptqDD23P5d,1,bidirectional,2,46530000
17gd1msp5FnMcEMF1MitTNSsYs7w7AQyCt,1Lhtcv9sK4n7Yjb43wBxD5XGn9chPCbGF2,1,bidirectional,2,99016058
17gd1msp5FnMcEMF1MitTNSsYs7w7AQyCt,1BLwcNuNpFTaWZR2RmcodLwBYMJaEKRBgw,1,bidirectional,4,193967188
17gd1msp5FnMcEMF1MitTNSsYs7w7AQyCt,1JS3TLCgHqyuKpnoX6xuWBgxTifJr9HxLz,1,bidirectional,2,40130000
17gd1msp5FnMcEMF1MitTNSsYs7w7AQyCt,1axZCWz12vQdrKqugqRWW8zmUqQF6xrrC,1,bidirectional,2,43730000
17gd1msp5FnMcEMF1MitTNSsYs7w7AQyCt,13wm9BpTHcPTMMvxWJLyU73RQrnsmgBAZG,1,bidirectional,2,48930000
17gd1msp5FnMcEMF1MitTNSsYs7w7AQyCt,1EvjpHvTK9Ry4gVWbv8GqdKLw85MdG4thQ,1,bidirectional,2,34130000
17gd1msp5FnMcEMF1MitTNSsYs7w7AQyCt,1NoUnLMMxGrqHPyDBM27h5nYC9eyRXx6SF,1,bidirectional,2,83583822
17gd1msp5FnMcEMF1MitTNSsYs7w7AQyCt,1Fu8P3rXKf9rUB9in6NTixHrDGptUcMkFn,1,bidirectional,2,26930000
17gd1msp5FnMcEMF1MitTNSsYs7w7AQyCt,1P5FWL1qee4BR7hnmmudPHQFdgceovWKuc,1,bidirectional,2,26130000
17gd1msp5FnMcEMF1MitTNSsYs7w7AQyCt,1CvMb4Ue4YKfN92UZZ1uoBkeke3fq6Zmxc,1,bidirectional,2,47730000
17gd1msp5FnMcEMF1MitTNSsYs7w7AQyCt,1GQqSCfYsUj7gjw5TQPCoN2yQPVjtMBmDb,1,bidirectional,2,54530000
17gd1msp5FnMcEMF1MitTNSsYs7w7AQyCt,1PR9aSoCKmNY1x3mEByYQ5fTMmicSqKE4H,1,bidirectional,2,96982236
17gd1msp5FnMcEMF1MitTNSsYs7w7AQyCt,1BJ4K9HpLgvV7YK2yubGxzakCtVb7w4zQG,1,bidirectional,2,65330000
17gd1msp5FnMcEMF1MitTNSsYs7w7AQyCt,1CEwLDUWpaoZiVTrx2MVxL9BGBCauLTx8M,1,bidirectional,2,39330000
17gd1msp5FnMcEMF1MitTNSsYs7w7AQyCt,15jZnVczFPjdxcy5tv8Z9gZ7STa4KU8EiG,1,bidirectional,2,68130000
17gd1msp5FnMcEMF1MitTNSsYs7w7AQyCt,1M3XsYvw9k6Syt2KFN4rkEdGwGdNBx3nCA,1,bidirectional,2,35330000
17gd1msp5FnMcEMF1MitTNSsYs7w7AQyCt,1CqowWtK9nyW7ZkDxLXvFF4AZcqazR8Y8M,1,bidirectional,2,77886545
17gd1msp5FnMcEMF1MitTNSsYs7w7AQyCt,1PgLcSn5NrzP2bQjqxtje1aAX7MJ65fpfz,1,bidirectional,2,38930000
17gd1msp5FnMcEMF1MitTNSsYs7w7AQyCt,1KjA1jhVTqM3tGmqtvbB6VKo8WzxHYESAe,1,bidirectional,2,76489970
17gd1msp5FnMcEMF1MitTNSsYs7w7AQyCt,1BwH8aST1qSoEH3T9Crshhso5hBQhELFXm,1,bidirectional,2,84192369
17gd1msp5FnMcEMF1MitTNSsYs7w7AQyCt,1MZNHcfwESgcbqwdGxcqESrcfjWpVFbK1r,1,bidirectional,2,93079165
17gd1msp5FnMcEMF1MitTNSsYs7w7AQyCt,15oQwpxTpeVqMPpXcn9cWwDQjzgqTEmBXz,1,bidirectional,2,48530000
17gd1msp5FnMcEMF1MitTNSsYs7w7AQyCt,195HeBDuGySRGH6FdVFKRKCavGDgTVczSA,1,bidirectional,2,47330000
17gd1msp5FnMcEMF1MitTNSsYs7w7AQyCt,1HzGREbS4WHDywkvPzNGb1U55ZZ6XtamPP,1,bidirectional,2,86062906
17gd1msp5FnMcEMF1MitTNSsYs7w7AQyCt,1967qyu1qbUZ38STZz19jtZsrxEZ497B3W,1,bidirectional,2,60530000
17gd1msp5FnMcEMF1MitTNSsYs7w7AQyCt,1LCtEo92fmPBc3fd6B7f7g8pNHLEkJM9UY,1,bidirectional,2,46930000
17gd1msp5FnMcEMF1MitTNSsYs7w7AQyCt,13iXV2eMpAejP762e1vW18F4i4h18LFM4n,1,bidirectional,2,59330000
17gd1msp5FnMcEMF1MitTNSsYs7w7AQyCt,12EeeGWmQ4Z2gtcw13XmX6BsqNxm6jJfGU,1,bidirectional,2,95103502
17gd1msp5FnMcEMF1MitTNSsYs7w7AQyCt,1J2iENfegehVwpkXREcifJnbmJb6r1MTyy,1,bidirectional,2,36930000
17gd1msp5FnMcEMF1MitTNSsYs7w7AQyCt,1DZ7gk51tS8zzp2CgkTkfqepquvC4xEi4q,1,bidirectional,2,62930000
17gd1msp5FnMcEMF1MitTNSsYs7w7AQyCt,1ENbyRT63ESWCQMv57N8EieEBm5mxkDNVX,1,bidirectional,2,58130000
17gd1msp5FnMcEMF1MitTNSsYs7w7AQyCt,1JPTJYZmy5hsMPH9CXAPLKAc8AHsRzb3jW,1,bidirectional,4,192599563
17gd1msp5FnMcEMF1MitTNSsYs7w7AQyCt,16BWHsR5zNguxV4YAMuLkjTHDAnZz3fEZd,1,bidirectional,2,40930000
17gd1msp5FnMcEMF1MitTNSsYs7w7AQyCt,1DSDm45UnyixdqJkLiQL5MxfrwDg82VeK1,1,bidirectional,2,42530000
17gd1msp5FnMcEMF1MitTNSsYs7w7AQyCt,1VjNYhBYU5CRWrdg7CmCQnjFfSZKDDDTT,1,bidirectional,2,65730000
17gd1msp5FnMcEMF1MitTNSsYs7w7AQyCt,1CyNjEFF3mjd3cPc49LCmiAWBkJDhWUNzk,1,bidirectional,2,91513083
17gd1msp5FnMcEMF1MitTNSsYs7w7AQyCt,129p1tVtKr152SREcjP3ZS5pXPZtySJ1dW,1,bidirectional,2,25330000
17gd1msp5FnMcEMF1MitTNSsYs7w7AQyCt,168W5yxvZ4whBpBpZUnJeJQcH4oEBXqayD,1,bidirectional,2,27730000
17gd1msp5FnMcEMF1MitTNSsYs7w7AQyCt,1G96aRcfRgWpxGphxYaKQBoaWHEjquP1au,1,bidirectional,2,98493794
17gd1msp5FnMcEMF1MitTNSsYs7w7AQyCt,15RnWAHJSLF7msZjPzNQDMKdCeNNeWT4mv,1,bidirectional,2,80621514
17gd1msp5FnMcEMF1MitTNSsYs7w7AQyCt,1NproBgCufLcwakbK7uQsTnyTtqJsda664,1,bidirectional,2,33730000
17gd1msp5FnMcEMF1MitTNSsYs7w7AQyCt,179TnkCd3bxZyhCbA3ygWf6hFRUbQf9jqT,1,bidirectional,2,21730000
17gd1msp5FnMcEMF1MitTNSsYs7w7AQyCt,1Cpy1QAedXKFuxE6bF6S86JddgKXwk2iqh,1,bidirectional,2,72930000
17gd1msp5FnMcEMF1MitTNSsYs7w7AQyCt,15nHSf6zuBKewNcNdCwyATREfrGGA1aLbk,1,bidirectional,2,73330000
17gd1msp5FnMcEMF1MitTNSsYs7w7AQyCt,1BPfR1DpUmC9YiCEGX6v3FnML34ES9B49,1,bidirectional,2,89793180
17gd1msp5FnMcEMF1MitTNSsYs7w7AQyCt,1Nc6uCLK5xF5keody9CuYDRaAQtnTf2oW3,1,bidirectional,2,88841861
17gd1msp5FnMcEMF1MitTNSsYs7w7AQyCt,14kFoZ4vfqb9HniLHft7ZqUdBdSMFeHcYU,1,bidirectional,2,52130000
17gd1msp5FnMcEMF1MitTNSsYs7w7AQyCt,1BniyW6Muh8gAnTMM6feuoPZiFqWXEX41A,1,bidirectional,2,75519987
17gd1msp5FnMcEMF1MitTNSsYs7w7AQyCt,1Czh7okATwqSASTrTZmsTKmg4PRaaDmxji,1,bidirectional,2,38130000
17gd1msp5FnMcEMF1MitTNSsYs7w7AQyCt,16FohPx5RXLZ73FgvKPJsihQxB8TngSeis,1,bidirectional,4,150360000
17gd1msp5FnMcEMF1MitTNSsYs7w7AQyCt,16qPETLWGQzk9vHNuY7d8Vxn4yGheb8NnD,1,bidirectional,2,41730000
17gd1msp5FnMcEMF1MitTNSsYs7w7AQyCt,1E6Ln1ca2ZVVF7hQ8RHrYYnpRabTLc4tZq,1,bidirectional,2,88543554
17gd1msp5FnMcEMF1MitTNSsYs7w7AQyCt,17U2Ygp6uE7BR3cXEe5MsVzV4vtCz1ZLwB,1,bidirectional,2,34530000
17gd1msp5FnMcEMF1MitTNSsYs7w7AQyCt,1FQWEKh5ANAqwHmzjZMin88ZkSWno1ZK47,1,bidirectional,2,66930000
17gd1msp5FnMcEMF1MitTNSsYs7w7AQyCt,13inb1ppBnH6qfx2D9DSoxsBrGz8aGXvUy,1,bidirectional,2,91226181
17gd1msp5FnMcEMF1MitTNSsYs7w7AQyCt,1A3moEMAFCPEX7PshApmc8MTWBQSQwv3Sm,1,bidirectional,2,45730000
17gd1msp5FnMcEMF1MitTNSsYs7w7AQyCt,12UzfAsuKwzYK1oGce6BFtxyd94FwfEKiz,1,bidirectional,2,23730000
17gd1msp5FnMcEMF1MitTNSsYs7w7AQyCt,1EBvqbYK2dYPU44rzeG2gL2Q2osk4F7Qti,1,bidirectional,2,52530000
17gd1msp5FnMcEMF1MitTNSsYs7w7AQyCt,1H23ccz7sbX18k2VisLqL7e4QCnrq9f9Ad,1,bidirectional,2,64130000
17gd1msp5FnMcEMF1MitTNSsYs7w7AQyCt,14GmTUyR4gYpQddmze6DYRzcRMkvJ7LaYd,1,bidirectional,2,73730000
17gd1msp5FnMcEMF1MitTNSsYs7w7AQyCt,1DYzDhScXrEqsB64NPQFrPZVWMupQssbJr,1,bidirectional,2,56130000
17gd1msp5FnMcEMF1MitTNSsYs7w7AQyCt,15wMDxmSSBK8AJbHRU3mRsRzoHNUKg5k8w,1,bidirectional,2,54930000
17gd1msp5FnMcEMF1MitTNSsYs7w7AQyCt,1NSnuh4zzEfV1woAgRpsAn8tBw5wy7L1B6,1,bidirectional,2,90077594
17gd1msp5FnMcEMF1MitTNSsYs7w7AQyCt,1M3EXLz9cPWe4mvVbJtxUj9crK2FFpGLfD,1,bidirectional,2,88209795
17gd1msp5FnMcEMF1MitTNSsYs7w7AQyCt,1CQ7GDdHykydSFZ2RZWbMycD84tnEjFH1o,1,bidirectional,2,68930000
17gd1msp5FnMcEMF1MitTNSsYs7w7AQyCt,1HpvZL8EayVRDFViJNwhX6oSW4ceHNYgmz,1,bidirectional,2,38530000
17gd1msp5FnMcEMF1MitTNSsYs7w7AQyCt,1B5422MExztwYr7qv5zjmaS1DDWEtaCuhB,1,bidirectional,2,93338648
17gd1msp5FnMcEMF1MitTNSsYs7w7AQyCt,17zAFgoLfYy6Ad4pchX2Eqsx8nwGwm8MHa,1,bidirectional,2,97992786
17gd1msp5FnMcEMF1MitTNSsYs7w7AQyCt,1JyHQCUWeJy71fDT89Z7VPexTLuFqsqcbS,1,bidirectional,2,28930000
17gd1msp5FnMcEMF1MitTNSsYs7w7AQyCt,17GvAD4aPj2Vw9XPve2X3r44K9MTQ1rmfP,1,bidirectional,2,30930000
17gd1msp5FnMcEMF1MitTNSsYs7w7AQyCt,1CBcpYgHzY2Cmjh3R854zJHieVYtPNNUgK,1,bidirectional,2,68530000
17gd1msp5FnMcEMF1MitTNSsYs7w7AQyCt,16GjpmRdh6xA3yEqo9HVaLovRhSrQjMRbs,1,bidirectional,2,81222738
17gd1msp5FnMcEMF1MitTNSsYs7w7AQyCt,1EhrrGkxP9mVHbTuN7VzpNAQ7tiFhwpCu2,1,bidirectional,2,79394197
17gd1msp5FnMcEMF1MitTNSsYs7w7AQyCt,17m14u4mGCqirHP5agT9AnkgDPDeidWPjD,1,bidirectional,2,34930000
17gd1msp5FnMcEMF1MitTNSsYs7w7AQyCt,1GC46x9CjXJYq78TyZmoWYSzssWxm8ff97,1,bidirectional,2,99649489
17gd1msp5FnMcEMF1MitTNSsYs7w7AQyCt,1BqRoakhPXLzDqvUoQhx4CfUHEtyAXPyam,1,bidirectional,4,191138952
17gd1msp5FnMcEMF1MitTNSsYs7w7AQyCt,1A7wnTCAnoZFBu89PXZDBBNVAR2PVuMFqe,1,bidirectional,2,37730000
17gd1msp5FnMcEMF1MitTNSsYs7w7AQyCt,1Gaje2nvVXWYRSkJvbBFEQgbt3diM1Hf8x,1,bidirectional,2,91824225
17gd1msp5FnMcEMF1MitTNSsYs7w7AQyCt,1DLcbKDH2BrXS6pydd5UEwShpqqYnbR4YY,1,bidirectional,2,76757703
17gd1msp5FnMcEMF1MitTNSsYs7w7AQyCt,1HKjL3Se7CgNobUd5U8rqUthcP2uHrvif5,1,bidirectional,2,29730000
17gd1msp5FnMcEMF1MitTNSsYs7w7AQyCt,16jpGpg9vDUWx7WH1GJM8RPcKfGKYeDkSL,1,bidirectional,2,82713073
17gd1msp5FnMcEMF1MitTNSsYs7w7AQyCt,12NYPWyMwpSiytPMHfd5xcscWkpxCRmy3A,1,bidirectional,2,83886274
17gd1msp5FnMcEMF1MitTNSsYs7w7AQyCt,1WMVK23mru88DccawHdSVCAiwWtXM8ptj,1,bidirectional,2,32930000
17gd1msp5FnMcEMF1MitTNSsYs7w7AQyCt,1CiSryyvsJvwcfXW3QcxZ7zKPTzKtyMYmv,1,bidirectional,2,99290638
17gd1msp5FnMcEMF1MitTNSsYs7w7AQyCt,1ML94w1SCudkiFHaEwYqTmKGTkywxVBuZg,1,outgoing,1,22000000
17gd1msp5FnMcEMF1MitTNSsYs7w7AQyCt,1CuxcyikXxS1EZiS5VLgGM8YEAU7ujVhwR,1,bidirectional,2,85738083
17gd1msp5FnMcEMF1MitTNSsYs7w7AQyCt,1GrRXEBjDc8pmH4iNmJbyQkaQNZLhGbgV2,1,bidirectional,2,77283651
17gd1msp5FnMcEMF1MitTNSsYs7w7AQyCt,1L4zydhTMhSXxhMdPmxrospe7ofcHJqPi6,1,bidirectional,2,63730000
17gd1msp5FnMcEMF1MitTNSsYs7w7AQyCt,1KYJW7XszKR4maeGENvPFz2zzaxTQqVmsD,1,bidirectional,2,33330000
17gd1msp5FnMcEMF1MitTNSsYs7w7AQyCt,1MfAKxQMKQQvWGaGZtU3XaMgoy4nwdjfJV,1,bidirectional,2,28530000
17gd1msp5FnMcEMF1MitTNSsYs7w7AQyCt,1FZ7dD1UrSAUBhg9TCWtVSsjAFpfgSz9qx,1,bidirectional,2,98863035
17gd1msp5FnMcEMF1MitTNSsYs7w7AQyCt,15PoasSaDiZwLng2c1bYDn2MJCf4famvgf,1,bidirectional,2,97386658
17gd1msp5FnMcEMF1MitTNSsYs7w7AQyCt,1CGLxZng1mTE5n8SDhAKGRmWERrZbZ9WmE,1,bidirectional,2,62530000
17gd1msp5FnMcEMF1MitTNSsYs7w7AQyCt,15kTShhYRe9NSgQoSRetnwkmHc1sQESaTG,1,bidirectional,2,97931675
17gd1msp5FnMcEMF1MitTNSsYs7w7AQyCt,1BywU2K27t9HKExjYLwLiREX7LLRDEoy1Z,1,bidirectional,2,53330000
17gd1msp5FnMcEMF1MitTNSsYs7w7AQyCt,1LT2PnPcDwwPGpXhp2zHirYUM7z2qR3xsS,1,bidirectional,2,67730000
17gd1msp5FnMcEMF1MitTNSsYs7w7AQyCt,1Gtx3p23Ayx8ALMw8nU7QKYWgWs288fFhh,1,bidirectional,2,87912885
17gd1msp5FnMcEMF1MitTNSsYs7w7AQyCt,1D8m97Pzmv5yowcVL18MCFqmGbfPTZeU2t,1,bidirectional,2,64930000
17gd1msp5FnMcEMF1MitTNSsYs7w7AQyCt,13uPncCiPyEqJNo1gjiRbWYzFG1gv5YU3j,1,bidirectional,2,27330000
17gd1msp5FnMcEMF1MitTNSsYs7w7AQyCt,1GvQL39LTF7nhQZjkZSpH625SqqMdArPkJ,1,bidirectional,2,64530000
17gd1msp5FnMcEMF1MitTNSsYs7w7AQyCt,1Daq6HB7eXuVpnFpnWfhvUmRMUWr5tR8wB,1,bidirectional,2,52930000
17gd1msp5FnMcEMF1MitTNSsYs7w7AQyCt,1FpeergwYQzRZXpWRdaMuQ1wviiZQGafca,1,bidirectional,2,84535818
17gd1msp5FnMcEMF1MitTNSsYs7w7AQyCt,1EGwyEEczdBADGjj12vEaibCGpPivuCtjV,1,bidirectional,2,77005956
17gd1msp5FnMcEMF1MitTNSsYs7w7AQyCt,15YVCEVVvHWURkZVbCuS9YPVeAMTgjDJ9d,1,bidirectional,2,31330000
17gd1msp5FnMcEMF1MitTNSsYs7w7AQyCt,17kuzdEj6cBJmbsaRy4pAvWx6qpCDg3rXN,1,bidirectional,2,89504983
17gd1msp5FnMcEMF1MitTNSsYs7w7AQyCt,1JaPFTpug9iwXPfhxuFerhesMPg7ruw9n8,1,bidirectional,2,98809768
17gd1msp5FnMcEMF1MitTNSsYs7w7AQyCt,1UG9xFoF1sKLqunCvnXMQBzpVAC8hKyzX,1,incoming,1,50000000
17gd1msp5FnMcEMF1MitTNSsYs7w7AQyCt,13XSLQrZT6t5ZaF7U5erTPYoQUSTCykWdm,1,bidirectional,2,99458073
17gd1msp5FnMcEMF1MitTNSsYs7w7AQyCt,1NmrtQoXN1F4sSCRfCzCimYM4ncuj9tam7,1,bidirectional,2,62130000
17gd1msp5FnMcEMF1MitTNSsYs7w7AQyCt,14XMigFeTnd4ZHD8c3Xbw94MQ58FoeN5hR,1,bidirectional,2,85138308
17gd1msp5FnMcEMF1MitTNSsYs7w7AQyCt,134CGL6yMrh4jsvkyyE3NAW6rVx422ANjr,1,bidirectional,2,81518736
17gd1msp5FnMcEMF1MitTNSsYs7w7AQyCt,1P5LYhVS9P82R6jtfiqk8AuMUn6emNUJ7e,1,bidirectional,2,96740858
17gd1msp5FnMcEMF1MitTNSsYs7w7AQyCt,1Mir1Hmo8t2KZHRi6GefzHj6a426yhAbkc,1,bidirectional,2,56530000
17gd1msp5FnMcEMF1MitTNSsYs7w7AQyCt,1Pymg3vDuTkJoQSpEQirGsZmT7q5e8pMN5,1,bidirectional,2,21330000
17gd1msp5FnMcEMF1MitTNSsYs7w7AQyCt,12hxJVLpURvSyKitXqZFishfJomw3egihp,1,bidirectional,2,32130000
17gd1msp5FnMcEMF1MitTNSsYs7w7AQyCt,13GTupckhQKRzYqdy8PVC4NVkro5FbYR2M,1,bidirectional,2,97131477
17gd1msp5FnMcEMF1MitTNSsYs7w7AQyCt,1JemdrDLnPv9pA9QSDa897TMiguJcMFK61,1,bidirectional,2,44130000
17gd1msp5FnMcEMF1MitTNSsYs7w7AQyCt,1Q1Qg7BvLFFDguWFPJDSf6PnBqUwEwwRwb,1,bidirectional,2,97783146
17gd1msp5FnMcEMF1MitTNSsYs7w7AQyCt,1Cb19LG5wd9XtwBYKwASzNaFiffpRxS34n,1,bidirectional,2,58930000
17gd1msp5FnMcEMF1MitTNSsYs7w7AQyCt,17VJ7BCzzn7HgyBNGidKxo47b9SXy84JQc,1,bidirectional,2,90399212
17gd1msp5FnMcEMF1MitTNSsYs7w7AQyCt,1HkmXUH5XEiaN4KCALnu2HFT9YZZtKXVEM,1,bidirectional,2,94737976
17gd1msp5FnMcEMF1MitTNSsYs7w7AQyCt,1GyKTk3SGTxuQC8rNvvAkKrRiEL99nNsLN,1,bidirectional,2,98398223
17gd1msp5FnMcEMF1MitTNSsYs7w7AQyCt,14eWQvCqjsCufRh4wW8MVGaTijsgFHgTQM,1,bidirectional,2,24530000
17gd1msp5FnMcEMF1MitTNSsYs7w7AQyCt,16gCysMCSbJfnhVe5RA1sfsT2LQmemPeA6,1,bidirectional,2,96486198
17gd1msp5FnMcEMF1MitTNSsYs7w7AQyCt,18KMtTsZwodqhQt2Et8gRgYmsF2hVw4N3b,1,bidirectional,2,44930000
17gd1msp5FnMcEMF1MitTNSsYs7w7AQyCt,1BXzyrYRHmg2tjG9y6SrDCjr3pbHuy3Bvo,1,outgoing,1,64265000
17gd1msp5FnMcEMF1MitTNSsYs7w7AQyCt,133chRSaF95JnACRbc7iewN3G1QuqK3MJj,1,bidirectional,2,30530000
17gd1msp5FnMcEMF1MitTNSsYs7w7AQyCt,1CHy1m6AGETAGpbXQVcACbu7i5ozCCscGb,1,bidirectional,2,76171741
17gd1msp5FnMcEMF1MitTNSsYs7w7AQyCt,19oB95jkas1pPCpJQ9sSEFtcth2fy3nRuq,1,bidirectional,2,78832062
17gd1msp5FnMcEMF1MitTNSsYs7w7AQyCt,1MsTqGaNaWsXmG2tAD6u8ACENjdfZSsHQp,1,bidirectional,2,90655086
17gd1msp5FnMcEMF1MitTNSsYs7w7AQyCt,19JMFr9r13zWU1N54ZYy5XKnToQmWCenw5,1,bidirectional,2,97621691
17gd1msp5FnMcEMF1MitTNSsYs7w7AQyCt,1AJoHKfRBtXf445s1tGiQH7LoKZfAXYGUv,1,bidirectional,2,40530000
17gd1msp5FnMcEMF1MitTNSsYs7w7AQyCt,1PgTzFsVwAVjdEY6ofKM2JbLy3N1wzWQyn,1,bidirectional,2,86682309
17gd1msp5FnMcEMF1MitTNSsYs7w7AQyCt,16NjvGuTukeXLCcsvJU7qyZMPbFN5xtfWZ,1,bidirectional,2,97531220
17gd1msp5FnMcEMF1MitTNSsYs7w7AQyCt,12sMakfV6CmGXhC3UYxr52XxHzHxcetPuR,1,bidirectional,2,36130000
17gd1msp5FnMcEMF1MitTNSsYs7w7AQyCt,1JnXkNU1maEjL2sd3KSRAaU7zzyXzDYFGF,1,bidirectional,2,92152078
17gd1msp5FnMcEMF1MitTNSsYs7w7AQyCt,12uLcZ4Qg6shh7r6k63f1moFoZER7jEQQE,1,bidirectional,2,55730000
17gd1msp5FnMcEMF1MitTNSsYs7w7AQyCt,1EEtMpgpLdmRnGfvUSsrS9s4kFs8A63HDg,1,bidirectional,2,29330000
17gd1msp5FnMcEMF1MitTNSsYs7w7AQyCt,1CkNBDy4c7MCgJhxPvErtg3podNLN4ntYP,1,bidirectional,2,26530000
17gd1msp5FnMcEMF1MitTNSsYs7w7AQyCt,1FetE1eSTEwrH2HocK3snq3iPZcnbBSxfh,1,bidirectional,2,83028189
17gd1msp5FnMcEMF1MitTNSsYs7w7AQyCt,1BvAdxLhcJ2G9pwSrjTWJwj82H8Ft5d1LS,1,bidirectional,2,63330000
17gd1msp5FnMcEMF1MitTNSsYs7w7AQyCt,17rYrsvZkRB43MwMy9RUC1LduGhLPPEdJ3,1,bidirectional,2,50530000
17gd1msp5FnMcEMF1MitTNSsYs7w7AQyCt,1NULJT1if1M5DLpSzEhoVHMKZ6CLCDiVHk,1,bidirectional,2,86377898
17gd1msp5FnMcEMF1MitTNSsYs7w7AQyCt,1L1dpuQYx6SUYKA7BsxC4pwaNNXLuXzbWE,1,bidirectional,2,70130000
17gd1msp5FnMcEMF1MitTNSsYs7w7AQyCt,1Pr21Cug2aM8GXXbEbDVAUwb7uriSAq8Gw,1,bidirectional,2,87605437
17gd1msp5FnMcEMF1MitTNSsYs7w7AQyCt,1GW14PXhsjX53DwfA7tz7KaNNj4CX2ynxL,1,bidirectional,2,95815201
17gd1msp5FnMcEMF1MitTNSsYs7w7AQyCt,1J9R76VSSrWqBhPbULS9p151W79pD9Vtuk,1,outgoing,1,1561027
17gd1msp5FnMcEMF1MitTNSsYs7w7AQyCt,1CGGQC6HST9KztbYobpGf6DN9teu3gQ4VU,1,bidirectional,2,57330000
17gd1msp5FnMcEMF1MitTNSsYs7w7AQyCt,1B6UgseQWXR6xTkNtDLu5nNgriAd57NaYm,1,bidirectional,2,92807572
17gd1msp5FnMcEMF1MitTNSsYs7w7AQyCt,1ApkJN9eGxeEkM3WRmEPD9DSLSRxikVJan,1,bidirectional,2,41330000
17gd1msp5FnMcEMF1MitTNSsYs7w7AQyCt,1AGhePHhHPKDagQWtxaB6qmUw8WWvnwW3K,1,bidirectional,2,51730000
17gd1msp5FnMcEMF1MitTNSsYs7w7AQyCt,1PLuGTJLFhfbkRJynaJMAjJ8xqt4keaiME,1,bidirectional,2,72530000
17gd1msp5FnMcEMF1MitTNSsYs7w7AQyCt,17LDrvUoJv1kgLqd1CpwoZgaHu5wbpamYc,1,bidirectional,2,80302765
17gd1msp5FnMcEMF1MitTNSsYs7w7AQyCt,1PbU64nLEgk1hDGNjGzxtTJjQUcd5xR7fs,1,bidirectional,2,79693004
17gd1msp5FnMcEMF1MitTNSsYs7w7AQyCt,15L2Ubcdzk5vJu2M7xJ1nJXFML4Yzpnm7W,1,bidirectional,2,78194224
17gd1msp5FnMcEMF1MitTNSsYs7w7AQyCt,1Cw65bMXypqfGP9yXydVUMHUBvBCeNWiab,1,bidirectional,2,50130000
17gd1msp5FnMcEMF1MitTNSsYs7w7AQyCt,13G2v9zqvbpDVbKJ2GzrYPkscVNAdHyM9z,1,bidirectional,2,54130000
17gd1msp5FnMcEMF1MitTNSsYs7w7AQyCt,1EqhYYg7c5QgAVmp9nAwrsoiFmT1U7kAzy,1,bidirectional,2,70530000
17gd1msp5FnMcEMF1MitTNSsYs7w7AQyCt,1321Z6fjWAyiy5htkf2k8JYZEBTJn8M6ns,1,bidirectional,2,74130000
17gd1msp5FnMcEMF1MitTNSsYs7w7AQyCt,1KQ4L8R3i14R3wTWgFV1uNdzF28fVMp5vC,1,bidirectional,2,53730000
17gd1msp5FnMcEMF1MitTNSsYs7w7AQyCt,1LseoiQmqEXW3WWZB2gjrqFeRdHgGakfCa,1,bidirectional,2,83317624
17gd1msp5FnMcEMF1MitTNSsYs7w7AQyCt,1LXThoNf2kCGomTgmk1wCA7WErhMFzLZb,1,incoming,1,50000000
17gd1msp5FnMcEMF1MitTNSsYs7w7AQyCt,1B3Qjy59G5Sv8PrF8GbYYpGd43nn8UtCSA,1,bidirectional,2,66130000
17gd1msp5FnMcEMF1MitTNSsYs7w7AQyCt,12mBJ8kbRPadKKGNYcWNNmxAH2fUKNHmFr,1,bidirectional,2,96427025
17gd1msp5FnMcEMF1MitTNSsYs7w7AQyCt,1LGpES1u7xWRNpgiAJ8wLMnoCMdNbpEDmr,1,bidirectional,2,98933665
17gd1msp5FnMcEMF1MitTNSsYs7w7AQyCt,1AWeQLeFdkHfz2UPqW1a1mvT6f3XSDGbH5,1,bidirectional,2,43330000
17gd1msp5FnMcEMF1MitTNSsYs7w7AQyCt,1P61d51qv2qsiZiEKUwQZGmymx89uySqmj,1,bidirectional,2,3267590
17gd1msp5FnMcEMF1MitTNSsYs7w7AQyCt,1Hw36DzfvzAxWMewYDJxuts5BxMXNHS7bq,1,bidirectional,2,44530000
17gd1msp5FnMcEMF1MitTNSsYs7w7AQyCt,1Dp6uNRbHhBp2UZ9aXWKpUwLoGH87zJF4u,1,bidirectional,2,74880000
17gd1msp5FnMcEMF1MitTNSsYs7w7AQyCt,12t3rnF68RNNVVjT1Xuiqf4DaD9uKD1suR,1,bidirectional,2,39730000
17gd1msp5FnMcEMF1MitTNSsYs7w7AQyCt,1CngubW99juZ8MX3M3AhEkr8rdPa6o51ra,1,bidirectional,2,84865276
17gd1msp5FnMcEMF1MitTNSsYs7w7AQyCt,13jUkvVwtdVPkWcf8rrFYrwE5MvzcS83wG,1,bidirectional,2,90918444
17gd1msp5FnMcEMF1MitTNSsYs7w7AQyCt,14vvrcgE9m6kKkc8cdzyAkgLvdF5wWj3yz,1,bidirectional,2,24930000
17gd1msp5FnMcEMF1MitTNSsYs7w7AQyCt,12c8FFrPRb4hc6qkro9THgdXLZHeGrw4GN,1,bidirectional,2,55330000
17gd1msp5FnMcEMF1MitTNSsYs7w7AQyCt,16iQt6bkqqEneqZMJdbgduyQhi8ib2ZTLY,1,bidirectional,2,93779213
17gd1msp5FnMcEMF1MitTNSsYs7w7AQyCt,14zWwSSEsTRwDAVtaCU7ExGEyN5Gkwf4UB,1,bidirectional,2,85432643
17gd1msp5FnMcEMF1MitTNSsYs7w7AQyCt,161aVAnZoQVwZHRXUHHGyuWm6HiG6auKjR,1,bidirectional,2,97217749
17gd1msp5FnMcEMF1MitTNSsYs7w7AQyCt,1CPb4Zh299oYb4YzdqUmFrShx2Ym1daefr,1,bidirectional,2,70930000
17gd1msp5FnMcEMF1MitTNSsYs7w7AQyCt,17rMVRqcxjV7NUMaR6nT6eEvhBykyLjUW7,1,bidirectional,2,94571150
17gd1msp5FnMcEMF1MitTNSsYs7w7AQyCt,1AvK2MnMSXEAmQpoPn3vSQxH1DaRyJDFfR,1,bidirectional,2,96559176
17gd1msp5FnMcEMF1MitTNSsYs7w7AQyCt,14szpX8sjiekr6vAuCCEGovVqjmjRAgoBX,1,bidirectional,2,98147566
17gd1msp5FnMcEMF1MitTNSsYs7w7AQyCt,1CvJyCkqco2MjkbajAV7AsfMSZLSnfNqNH,1,bidirectional,2,94387935
18sHYU49vUFk6TN6G2Pj6DSCUzkbLvwJt,14ravWjGTYi9PrLYotUdyC3jEPA4MtWomK,1,incoming,1,50000
18sHYU49vUFk6TN6G2Pj6DSCUzkbLvwJt,1HUgfnuNt9WpLeKT2T9hcSvybP1mVfB9C9,1,incoming,1,120000
18sHYU49vUFk6TN6G2Pj6DSCUzkbLvwJt,1NKQwfHiBBtaDDksHBEVUJsfNzK16iEvK9,1,incoming,1,120000
18sHYU49vUFk6TN6G2Pj6DSCUzkbLvwJt,14HxLMiuf3uH8H1iX6buVp3Sw1LycroX6R,1,incoming,1,50000
18sHYU49vUFk6TN6G2Pj6DSCUzkbLvwJt,1K16PwTf9jxYJs9bN3WZMq2qxbKWsdTniF,1,outgoing,1,145682
1BkeGqpo8M5KNVYXW3obmQt1R58zXAqLBQ,1N94rYBBCZSnLoK56omRkAPRFrpr5t8C1y,1,bidirectional,9,588448
1BkeGqpo8M5KNVYXW3obmQt1R58zXAqLBQ,3ABMzbmXyXEUY6bEUiJEGTFSHB1gwjyEWZ,1,outgoing,1,252509
1CMRScsrxPe2N4HwPpNKcHUhfCJXUm2Cx6,1N5moDay1X36aGVJDNqXh8Xta5qQiwjsZk,1,bidirectional,2,500000
1CMRScsrxPe2N4HwPpNKcHUhfCJXUm2Cx6,1MPsnr9ucY3dEuBb7breEHk6U4Bx7jofnH,1,bidirectional,2,1300000
1CMRScsrxPe2N4HwPpNKcHUhfCJXUm2Cx6,17GcunEoUWtP785eRgkZo3uj5tWKwXyysc,1,incoming,1,1000000
1CMRScsrxPe2N4HwPpNKcHUhfCJXUm2Cx6,19kdEHnYyMUTMKXfgheoK8cEEfrXh7RHAX,1,bidirectional,2,900000
1CMRScsrxPe2N4HwPpNKcHUhfCJXUm2Cx6,18Ey8eWk8u9S45vG6EU52m2aM3bQ7JFXjo,1,bidirectional,2,1700000
1CMRScsrxPe2N4HwPpNKcHUhfCJXUm2Cx6,14pXvn4pgMy1Se8mZjYtgga3V7x4em7MEs,1,outgoing,1,100000
1CeLgFDu917tgtunhJZ6BA2YdR559Boy9Y,1PoV3SG6JBQ9PEGiKHXwiVmrCDSLnK2Cex,1,incoming,1,23643
1CeLgFDu917tgtunhJZ6BA2YdR559Boy9Y,1Bui7P1rZtmaV9e9gwHiBcYeTvSKv4Ug26,1,incoming,1,35431
1CeLgFDu917tgtunhJZ6BA2YdR559Boy9Y,3DZLvuwdoSG57XQxmmkx89fvHfs4572SVS,1,incoming,1,19508
1CeLgFDu917tgtunhJZ6BA2YdR559Boy9Y,1NekTPLPDMveHycJUtKKqdZsQLUg5Kjosd,1,incoming,1,60232
1CeLgFDu917tgtunhJZ6BA2YdR559Boy9Y,19UzKn7AK6Yvzqp2WWUFQD8g4528WfGzBb,1,incoming,1,51291
1CeLgFDu917tgtunhJZ6BA2YdR559Boy9Y,3EHXUWvfXwkc7uA7xajMrnN7rToYjDKErv,1,incoming,1,31063
1CeLgFDu917tgtunhJZ6BA2YdR559Boy9Y,1QFqQLPJzU1xc29iUTfS339dfJb16ivNv5,1,incoming,1,51291
1CeLgFDu917tgtunhJZ6BA2YdR559Boy9Y,14Zm7CKquxX1bHoFLEPWzXCAhmaemjMKwd,1,incoming,1,51291
1CeLgFDu917tgtunhJZ6BA2YdR559Boy9Y,1HuTohzgFeeZ6YbPvYpaUweqSiRDJYEb4U,1,incoming,1,4470
1CeLgFDu917tgtunhJZ6BA2YdR559Boy9Y,bc1qle04uk5y75u58xcw2xjzajpru9pwas6z0405t3,1,incoming,1,55176
1CeLgFDu917tgtunhJZ6BA2YdR559Boy9Y,1HAUyTnJ9RHo76LHW69ahC4BSUbN2ha3Nv,1,incoming,1,55637
1CeLgFDu917tgtunhJZ6BA2YdR559Boy9Y,bc1q2n4a890p7nxgmj2gqe2r8tgh20dsz5ajuz9md5,1,incoming,1,21128
1CeLgFDu917tgtunhJZ6BA2YdR559Boy9Y,17JYfCEn4wxUvymKvLZmScDvXQyVLii187,1,incoming,1,51291
1CeLgFDu917tgtunhJZ6BA2YdR559Boy9Y,bc1q77wj0umtfwact6q74pmczsqas8jzzs420d32ct,1,incoming,1,18900
1CeLgFDu917tgtunhJZ6BA2YdR559Boy9Y,1F89Aa7UxdkMiwZYrXBda7HcUfMLXtUrTA,1,incoming,1,52153
1CeLgFDu917tgtunhJZ6BA2YdR559Boy9Y,19kgJr6De61DhCgYDH1RYfeVRLXA55G5F7,1,incoming,1,55176
1CeLgFDu917tgtunhJZ6BA2YdR559Boy9Y,19yuw71KXVidcXKAeXnBCBMAher5MCo1aZ,1,incoming,1,51291
1CeLgFDu917tgtunhJZ6BA2YdR559Boy9Y,1BEMrPh3AviNSCrEDPsYuAiUkuwBSBqX6e,1,incoming,1,61099
1CeLgFDu917tgtunhJZ6BA2YdR559Boy9Y,bc1qw2syxg7pngutssyrw6jtkscjd8yzajd84q99y4,1,incoming,1,23643
1CeLgFDu917tgtunhJZ6BA2YdR559Boy9Y,19c8w3DcfuH7EZU3NxqJEPm8rLKM3USZQP,1,incoming,1,51291
1CeLgFDu917tgtunhJZ6BA2YdR559Boy9Y,bc1qrvhks7533eh86ld9sa4t8fjjxt5xyr4ujuz582,1,incoming,1,31683
1CeLgFDu917tgtunhJZ6BA2YdR559Boy9Y,3ETLaS3ZzSfBEeaoBWGHnqxRsUNLzFo9eD,1,incoming,1,51291
1CeLgFDu917tgtunhJZ6BA2YdR559Boy9Y,39nsMtK9887q2vCmXsyM6nqrJXWiyNKacZ,1,incoming,1,19508
1CeLgFDu917tgtunhJZ6BA2YdR559Boy9Y,bc1qr703aajdxnxt6utk7jjkk64mdetexn4yfqvrer,1,incoming,1,21398
1CeLgFDu917tgtunhJZ6BA2YdR559Boy9Y,1JjNe2GzNEjnh6yZFvvU67MVNHGS6oUijG,1,incoming,1,14293
1CeLgFDu917tgtunhJZ6BA2YdR559Boy9Y,1B9CVeHL1QVbt6bUut8H7miEW5CtjY66ec,1,incoming,1,35431
1CeLgFDu917tgtunhJZ6BA2YdR559Boy9Y,1FWx8yAWgY7ti11GWWnNk94w1Nu7ozGCuh,1,outgoing,1,8142
1CeLgFDu917tgtunhJZ6BA2YdR559Boy9Y,1Kqf5CyiDfTHzevyRCVHdUFqFw3EdynJTh,1,incoming,1,23643
1CeLgFDu917tgtunhJZ6BA2YdR559Boy9Y,1BbpbRJddUDfuN1BfXpRam1T9f5rQmo4xp,1,incoming,1,48996
1CeLgFDu917tgtunhJZ6BA2YdR559Boy9Y,17Y5MrGe3TkARnonP77m9XXrbvQq1aRcD9,1,incoming,1,52153
1CeLgFDu917tgtunhJZ6BA2YdR559Boy9Y,1DkhNbSLX5ipSMu343Rxg36DMshHjQ9xw7,1,outgoing,1,11111
1CeLgFDu917tgtunhJZ6BA2YdR559Boy9Y,1HZiaab4KSuELe5F7gW1qA1vsvZYjR5z2F,1,incoming,1,1399
1CeLgFDu917tgtunhJZ6BA2YdR559Boy9Y,1KtHkw7NYCgpsu3ANtx4gAYyJmzDJtFLkd,1,incoming,1,29799
1CeLgFDu917tgtunhJZ6BA2YdR559Boy9Y,1Pf9BDgoYYS1CsLbjDThuXpJHvtihS1Y8Y,1,incoming,1,35431
1CeLgFDu917tgtunhJZ6BA2YdR559Boy9Y,1Md5qym92G1ppcmbuMq7K1xVRaUS8NCcgP,1,incoming,1,55176
1CeLgFDu917tgtunhJZ6BA2YdR559Boy9Y,1T4ruWLPyiCF8CJJhk2VN5EVZVMbgX5tW,1,incoming,1,23643
1CeLgFDu917tgtunhJZ6BA2YdR559Boy9Y,bc1q8qjcp8hwx48zhqy6h88kwlc50j86cg4qp5tpqs,1,incoming,1,55176
1CeLgFDu917tgtunhJZ6BA2YdR559Boy9Y,1K22C3GCV37NT8cq5Rt5t45DNdDSCCvvH3,1,incoming,1,51291
1CeLgFDu917tgtunhJZ6BA2YdR559Boy9Y,1QKoV5DRLi6uVkzga2odkmsAcn8mRuotvD,1,incoming,1,51291
1CeLgFDu917tgtunhJZ6BA2YdR559Boy9Y,1AsNkG7iBZX14qP57dcAoQVwuQvAzbnRFB,1,incoming,1,51291
1CeLgFDu917tgtunhJZ6BA2YdR559Boy9Y,1GnimRmFztsJKqeQW8PXCUfzA2ZoaGXq9v,1,incoming,1,23643
1CeLgFDu917tgtunhJZ6BA2YdR559Boy9Y,bc1qqfy3w46n3979j6yqe3207jxp6h7aer5e2ljps8,1,bidirectional,2,952776
1CeLgFDu917tgtunhJZ6BA2YdR559Boy9Y,16y7uErRvWLBjuJavEHAorPGmT5UdpWpKe,1,incoming,1,27726
1CeLgFDu917tgtunhJZ6BA2YdR559Boy9Y,192TEc3nBT6bvm6bdRzwxEdhckpLTbUDjb,1,incoming,1,51291
1CeLgFDu917tgtunhJZ6BA2YdR559Boy9Y,1LvDArEiweyvEHdgNQoVpYSpMjsZDcQAC1,1,incoming,1,55176
1CeLgFDu917tgtunhJZ6BA2YdR559Boy9Y,1DZzV48dWdnhc9LUPRKPX1UuSF5W5baKjv,1,incoming,1,23643
1CeLgFDu917tgtunhJZ6BA2YdR559Boy9Y,bc1qtvgjcf3yds2frsvmms2l0gcdh4dhlenvlwfdha,1,incoming,1,22116
1CeLgFDu917tgtunhJZ6BA2YdR559Boy9Y,1JvXYa8EPZvjLLT98bMJGMHQfbmkaEWvfK,1,incoming,1,18900
1CeLgFDu917tgtunhJZ6BA2YdR559Boy9Y,17SjUtiKN1CqnEEeMyz8i6puMaeKoV5eT1,1,incoming,1,35431
1CeLgFDu917tgtunhJZ6BA2YdR559Boy9Y,1E9sY7fvJqMMaVLN4fMZ7ehE8t4D6mn5vy,1,incoming,1,52153
1CeLgFDu917tgtunhJZ6BA2YdR559Boy9Y,157hGxx3Z7RHhnc1WZJsauYRH2qD2KAnDU,1,incoming,1,55176
1CeLgFDu917tgtunhJZ6BA2YdR559Boy9Y,1DxToyP8HtEioqrvvag2KZ6ywKQTcCX7vU,1,incoming,1,55176
1CeLgFDu917tgtunhJZ6BA2YdR559Boy9Y,1Dh5eRGKqa6bDtgMb54193rRn4m5iW9AwF,1,incoming,1,52153
1CeLgFDu917tgtunhJZ6BA2YdR559Boy9Y,1Fd6v6DYFyEVuR8LukgQJogXdvCmaN9eSm,1,incoming,1,42429
1CeLgFDu917tgtunhJZ6BA2YdR559Boy9Y,1LLiJbsWsmNLbJfLCLfNRtHVNs187kdhhe,1,incoming,1,55176
1CeLgFDu917tgtunhJZ6BA2YdR559Boy9Y,137fbk7H7YMpztXqbgifZzGpWpvvMaTLwy,1,incoming,1,2660
1CeLgFDu917tgtunhJZ6BA2YdR559Boy9Y,1FTQrtuufvsdyf1qHY38L5AFhsQHFdDkwh,1,incoming,1,51291
1CeLgFDu917tgtunhJZ6BA2YdR559Boy9Y,1JtdzbwSvnqb7zHrkt4aiMcdTc5iBu6zrV,1,incoming,1,23643
1CeLgFDu917tgtunhJZ6BA2YdR559Boy9Y,1MPJYJa1knZwVTnmurUnyWZkR7viPNbKjE,1,incoming,1,51291
1CeLgFDu917tgtunhJZ6BA2YdR559Boy9Y,1GnA3xXMrdGwjkHL6D1ENtxc6Lpr1WXxt1,1,incoming,1,23643
1CeLgFDu917tgtunhJZ6BA2YdR559Boy9Y,18fFwbGSvWbuYTB34xnu3hD3TYEf8c3WEd,1,incoming,1,23643
1CeLgFDu917tgtunhJZ6BA2YdR559Boy9Y,14zZwoD9sXmkpF36fSYxuqaDev4N4dCaee,1,incoming,1,51291
1CeLgFDu917tgtunhJZ6BA2YdR559Boy9Y,1G1SGYeebq9SWu3kLYZMZAcKgd8YkTM8KF,1,incoming,1,35431
1CeLgFDu917tgtunhJZ6BA2YdR559Boy9Y,1hXRFDZjmn2TLoJFHUaySHn6EFNDRm8YY,1,incoming,1,10612
1CeLgFDu917tgtunhJZ6BA2YdR559Boy9Y,1NK8GJUYATg7AxrHrPQVHD5Uo9XwYMzoKX,1,incoming,1,23643
1CeLgFDu917tgtunhJZ6BA2YdR559Boy9Y,13xdAB8bfSDsn7wpaPTDqrnMCcyttjAswR,1,incoming,1,52153
1CeLgFDu917tgtunhJZ6BA2YdR559Boy9Y,1aUZtbzk5uFUZeL5PPFBAdFSNYaQFyZNa,1,incoming,1,23643
1CeLgFDu917tgtunhJZ6BA2YdR559Boy9Y,1DD5B69jmUeWY5N43vc96rv5kgDDx9e3db,1,incoming,1,52872
1CeLgFDu917tgtunhJZ6BA2YdR559Boy9Y,1DmgXb4oESRsvz641nozM9tR76M1qrBffL,1,incoming,1,35431
1CeLgFDu917tgtunhJZ6BA2YdR559Boy9Y,1FqLi9uZdJubqQaYvcZofWc4SqeKfE4unU,1,incoming,1,23643
1CeLgFDu917tgtunhJZ6BA2YdR559Boy9Y,1N94rYBBCZSnLoK56omRkAPRFrpr5t8C1y,1,incoming,4,164705
1CeLgFDu917tgtunhJZ6BA2YdR559Boy9Y,17ZfTKBvq4jrR2JyDfXg5NfwTs7ypUKzS3,1,incoming,1,1928
1CeLgFDu917tgtunhJZ6BA2YdR559Boy9Y,bc1qq40mdufwdgv0u57sadqedrqp7vmmq6764nh8cl,1,incoming,1,23643
1CeLgFDu917tgtunhJZ6BA2YdR559Boy9Y,15Z5AUEXM3krNDsxVEQDdnPiKbJJj3fqCW,1,incoming,1,55176
1CeLgFDu917tgtunhJZ6BA2YdR559Boy9Y,12BZJCdkYtCyrwBv7cD4nUp9DxjCuh11vH,1,incoming,1,52153
1CeLgFDu917tgtunhJZ6BA2YdR559Boy9Y,15rtCaPQpPMVBz4ExxpZLov9ZkC98gaFuA,1,incoming,1,52665
1CeLgFDu917tgtunhJZ6BA2YdR559Boy9Y,1J8RpZcdgMT5znqQPBonrPTMCTsjkTEAWL,1,incoming,1,51291
1CeLgFDu917tgtunhJZ6BA2YdR559Boy9Y,12JTZa5EPPL4WK1ExPKGsghnFQu4AQR3LD,1,incoming,1,35431
1CeLgFDu917tgtunhJZ6BA2YdR559Boy9Y,1NHHQRDEZAE2bUw8H7J4AQaHoPRGjvQWCR,1,incoming,1,27052
1CeLgFDu917tgtunhJZ6BA2YdR559Boy9Y,15qneKxkV8cg6BNeffxV4Munv7MufFUQ3Y,1,incoming,1,12148
1CeLgFDu917tgtunhJZ6BA2YdR559Boy9Y,19byphaTndViEUkHpLZgYZwHEzzARkY9bU,1,incoming,1,40817
1CeLgFDu917tgtunhJZ6BA2YdR559Boy9Y,13L7CVwRwPMCWWHb3GDjEqjd8azQJXkgFu,1,incoming,1,55176
1CeLgFDu917tgtunhJZ6BA2YdR559Boy9Y,13N54FzK5Sjy5jTKPd4pd17KnfCBQXvhBS,1,incoming,1,23643
1CeLgFDu917tgtunhJZ6BA2YdR559Boy9Y,1MsXLFVKzBMPXrmtshxYTyxQNJ8EbM5dBB,1,outgoing,1,13356
1CeLgFDu917tgtunhJZ6BA2YdR559Boy9Y,1G5XGMMwpRbyC4vVFvyyXqgMBJWYrZ598a,1,incoming,1,56099
1CeLgFDu917tgtunhJZ6BA2YdR559Boy9Y,bc1qtj7frfsw3uyscqlv4ztnzlnczlehehj79m6rl0,1,incoming,1,18900
1CeLgFDu917tgtunhJZ6BA2YdR559Boy9Y,19YCkN93TnLZ1FYGqpDgyf2aPewxkiEaRx,1,incoming,1,23643
1CeLgFDu917tgtunhJZ6BA2YdR559Boy9Y,1Nc6K6mKdMcjqV1m4YHpTPADhhuJk9SKKD,1,incoming,1,51291
1CeLgFDu917tgtunhJZ6BA2YdR559Boy9Y,1JMvB1QMs92oiahdZAZKccYDBk4SYJfsY8,1,incoming,1,52153
1CeLgFDu917tgtunhJZ6BA2YdR559Boy9Y,1Cj3zksF2HCEQ2HKFYyjJjj7EpxT2BxQKB,1,incoming,1,23643
1CeLgFDu917tgtunhJZ6BA2YdR559Boy9Y,1DzkMY38GiPWUqL2ZCLBEqynsLDGfv3RAV,1,incoming,1,10612
1CeLgFDu917tgtunhJZ6BA2YdR559Boy9Y,13bAfx5DRfNZbLinNQ2VagnWkQMbVDVbs8,1,incoming,1,23643
1CeLgFDu917tgtunhJZ6BA2YdR559Boy9Y,bc1quzrc56uh847tgehvwqhqvy27tg7fhpr2cz4yak,1,incoming,1,21398
1CeLgFDu917tgtunhJZ6BA2YdR559Boy9Y,bc1qdwmlqmy5rjnqjygvrjcn4tc22nxlslenpk2ula,1,incoming,1,55176
1CeLgFDu917tgtunhJZ6BA2YdR559Boy9Y,19wz7m4YwypjzWqre96WWSd5Ue5u6F1mAD,1,incoming,1,55176
1CeLgFDu917tgtunhJZ6BA2YdR559Boy9Y,1Gj7fHkRXALsBNpSJDURdszPajmXBRGtMi,1,incoming,1,55176
1CeLgFDu917tgtunhJZ6BA2YdR559Boy9Y,1EUeiZh6TFCDHUsS9qyffZ31beuUYJUtFH,1,incoming,1,52153
1CeLgFDu917tgtunhJZ6BA2YdR559Boy9Y,19DraJWx72vBhADGrpXbNUkt7pVg5rbBEz,1,incoming,1,35431
1CeLgFDu917tgtunhJZ6BA2YdR559Boy9Y,1dyWucxi467XrQVLsdQnn3A8BQMLVEFs3,1,incoming,1,23643
1CeLgFDu917tgtunhJZ6BA2YdR559Boy9Y,1PFSS4kdTxvVhrti4fM3jK9FLhUt5zZf6i,1,bidirectional,17,6268659
1CeLgFDu917tgtunhJZ6BA2YdR559Boy9Y,16EyuoN3o9ezKcvs8y8jyB4efCd7EHfFR5,1,incoming,1,35431
1CeLgFDu917tgtunhJZ6BA2YdR559Boy9Y,bc1qpu2p4xxasdjnkw26m4nxvtd42vnxu062xysjj3,1,incoming,1,33763
1CeLgFDu917tgtunhJZ6BA2YdR559Boy9Y,1Bor6v8F3poVEjFsbx3Scxj81sB8YXXfv2,1,incoming,1,13617
1CeLgFDu917tgtunhJZ6BA2YdR559Boy9Y,1PVuhXRaJT5Xc5f6JuyDDW3oKS7DoPg9Ut,1,incoming,1,55176
1CeLgFDu917tgtunhJZ6BA2YdR559Boy9Y,1HufzEhWhCUw2wNz7aV4SsJvwerKCykhqn,1,incoming,1,23643
1CeLgFDu917tgtunhJZ6BA2YdR559Boy9Y,1LpajMpkgF58YU9fYZBmeEK47MY1Hq3YTz,1,incoming,1,45497
1CeLgFDu917tgtunhJZ6BA2YdR559Boy9Y,14JeFLPM1ikkaV6XVq3JTacQwZCLRABw8R,1,incoming,1,52153
1CeLgFDu917tgtunhJZ6BA2YdR559Boy9Y,17gfQgjbDZ8e3Rb57Mybmfc1rnvJS3K3Dx,1,incoming,1,51291
1CeLgFDu917tgtunhJZ6BA2YdR559Boy9Y,bc1qz3k3vzs8k8qc8vz7pnwdwq7tp22xrh8u3ad30l,1,incoming,1,55176
1CeLgFDu917tgtunhJZ6BA2YdR559Boy9Y,bc1qcgcdlsxnna3snzc06ncaxn3hfearms3khqsjlx,1,incoming,1,55176
1CeLgFDu917tgtunhJZ6BA2YdR559Boy9Y,1JGgeAkndWLWgdARb2fWBKCppQbDwS4VeU,1,incoming,1,55637
1CeLgFDu917tgtunhJZ6BA2YdR559Boy9Y,1Q4p6SieTmVSqXCLBpggntqhyrb7wTn48r,1,incoming,1,43127
1CeLgFDu917tgtunhJZ6BA2YdR559Boy9Y,bc1qmahufawu6uekaxc8uyrwp0q5uwuyxycneq4kst,1,incoming,1,60089
1CeLgFDu917tgtunhJZ6BA2YdR559Boy9Y,bc1q7gp4gudtj02ud2utae7fk3lg3rvq4nm06n27ta,1,incoming,1,55176
1CeLgFDu917tgtunhJZ6BA2YdR559Boy9Y,1rddPGQmMEC8Vv6QXG5A5AmbYwVruCXYG,1,incoming,1,44388
1CeLgFDu917tgtunhJZ6BA2YdR559Boy9Y,bc1qn5xugvf220v4wx4q4gz4cd7gxlu8xcmqchk392,1,incoming,1,23643
1CeLgFDu917tgtunhJZ6BA2YdR559Boy9Y,1Gc7w46FmwFHN8QYfnWv6kCCWutao3dKkD,1,incoming,1,51291
1CeLgFDu917tgtunhJZ6BA2YdR559Boy9Y,17FeKpKDprBJkHC32qht3JUMVW8BLxw7aq,1,incoming,1,32315
1CeLgFDu917tgtunhJZ6BA2YdR559Boy9Y,1EBN8Jvtk4BpCwJHZhrb96nZWtJXUmZeSb,1,incoming,1,55176
1CeLgFDu917tgtunhJZ6BA2YdR559Boy9Y,1Jyjd9KuXz3K1XGuTgGSUTbsGb3fS4JU3y,1,incoming,1,35431
1CeLgFDu917tgtunhJZ6BA2YdR559Boy9Y,bc1qzmef3r6x8c652w5tg5m7gu9umehscqlhewrc3s,1,incoming,1,23643
1CeLgFDu917tgtunhJZ6BA2YdR559Boy9Y,bc1qdmj70a8eyc50nkkysh3fptm2lft90p8wfpehmp,1,incoming,1,48712
1CeLgFDu917tgtunhJZ6BA2YdR559Boy9Y,bc1qpsmwy9v4ll2vaxwafu4z00wxz8ktw9m5dxl5qt,1,incoming,1,37704
1CeLgFDu917tgtunhJZ6BA2YdR559Boy9Y,17n6KB4p6Swy8os9jwxS4GdzYSQaKXRSEj,1,incoming,1,23643
1CeLgFDu917tgtunhJZ6BA2YdR559Boy9Y,1NCyPbwvskPuH8qE5K7HSuqvCKAmgXsAbG,1,incoming,1,55176
1CeLgFDu917tgtunhJZ6BA2YdR559Boy9Y,1AHcXGguLcNeTPGyxRqCJp8mUP4QcKayLM,1,incoming,1,23643
1CeLgFDu917tgtunhJZ6BA2YdR559Boy9Y,155N3y16mkb2YhyejxGCjWPmaCg3ZQuGst,1,incoming,1,32315
1CeLgFDu917tgtunhJZ6BA2YdR559Boy9Y,12d3YRRmEn7Krm3g3N7hzqo36tZKkPDby2,1,outgoing,1,15176
1CeLgFDu917tgtunhJZ6BA2YdR559Boy9Y,1LMHe3jTiYtwrupfitwvEP97q5CSaCJZoX,1,incoming,1,28535
1CeLgFDu917tgtunhJZ6BA2YdR559Boy9Y,1ME3p4rknTZDqwwtkyVyxibksDf5FFbPkV,1,incoming,1,28882
1CeLgFDu917tgtunhJZ6BA2YdR559Boy9Y,177Kd4t9mF1synkBNCUm7k2YpPfkqk1g9w,1,incoming,1,9665
1CeLgFDu917tgtunhJZ6BA2YdR559Boy9Y,18doTUAGhFNVAj8xBG63SKnT5NXRUXVgT1,1,incoming,1,55176
1CeLgFDu917tgtunhJZ6BA2YdR559Boy9Y,bc1qmk5x28cl40ksx6z6t0rphgt525dsskg77svhm6,1,incoming,1,51291
1CeLgFDu917tgtunhJZ6BA2YdR559Boy9Y,16guBkX8ipoyUFxzWXxTz93yfXe9k1mM6Q,1,incoming,1,20616
1CeLgFDu917tgtunhJZ6BA2YdR559Boy9Y,1Kj3DdjKDBXjv4Fbcnq5PpYvqAzWLAdEv6,1,incoming,1,23643
1CeLgFDu917tgtunhJZ6BA2YdR559Boy9Y,1CUWqcthjN8RPeAW5H3y8Gf7m8iLpPiyNB,1,incoming,1,51291
1CeLgFDu917tgtunhJZ6BA2YdR559Boy9Y,1AedHxyphmTrGMSNZnub9uyUMBD4rZ7Yi4,1,incoming,1,36562
1CeLgFDu917tgtunhJZ6BA2YdR559Boy9Y,12cj8M5xZMmJ3XU9iVTSQkaiEcBycYqSJh,1,incoming,1,43383
1CeLgFDu917tgtunhJZ6BA2YdR559Boy9Y,1R9VjNKBpSQrTjcUCusCGNUH5YBpch4Jg,1,incoming,1,55176
1CeLgFDu917tgtunhJZ6BA2YdR559Boy9Y,1cPrTKLpU3tBNqebURxBJxeBxgwjawuBc,1,incoming,1,30848
1CeLgFDu917tgtunhJZ6BA2YdR559Boy9Y,15BKTESmphjAJb7fCgigPys1jmaxYAurWD,1,incoming,1,55176
1CeLgFDu917tgtunhJZ6BA2YdR559Boy9Y,bc1qpgssxuqqhq9vmptk7m7888a8ldp4uqvlc7lrs2,1,incoming,1,62024
1CeLgFDu917tgtunhJZ6BA2YdR559Boy9Y,bc1qhl8etl3uxznuw0x6m2c4gq6hyjl55tv8zq25fk,1,incoming,1,21398
1CeLgFDu917tgtunhJZ6BA2YdR559Boy9Y,17H4YceJKAoiNaLeVppQPWvg1PKEWytZrm,1,incoming,1,62891
1CeLgFDu917tgtunhJZ6BA2YdR559Boy9Y,1JpYWGV968QnKYiGEhSaaz3PG42sNNbyW2,1,incoming,1,35431
1CeLgFDu917tgtunhJZ6BA2YdR559Boy9Y,1KNVjKnMsoQixpczwnrNp69AESeC7BAFPN,1,incoming,1,35431
1CeLgFDu917tgtunhJZ6BA2YdR559Boy9Y,1KrHn174ZFHFCYR93EXW9tCqigFVvG1cbT,1,incoming,1,31632
1CeLgFDu917tgtunhJZ6BA2YdR559Boy9Y,1MG77aGbDmhNX72Ja7JR2tsG3vwzsU1YUk,1,incoming,1,35431
1CeLgFDu917tgtunhJZ6BA2YdR559Boy9Y,3PihJ2EMoP6LsW9bmBu5Xd43VAWBhgu6Cd,1,incoming,1,31063
1CeLgFDu917tgtunhJZ6BA2YdR559Boy9Y,1NDdWXkfTN8H1VtZMjWfLhrF8P6nXbimsN,1,incoming,1,51291
1CeLgFDu917tgtunhJZ6BA2YdR559Boy9Y,1N8Jd37Mxuhc8PowwCgAUqCCm5MJCyCCYy,1,incoming,1,55176
1CeLgFDu917tgtunhJZ6BA2YdR559Boy9Y,1JFxaup6YgCNKuYMaaXBUzMpAvSaeNBrWC,1,incoming,1,35431
1CeLgFDu917tgtunhJZ6BA2YdR559Boy9Y,1EvT9xMkgJmq4adnt9cHHVBr2abu81w5nS,1,incoming,1,25810
1CeLgFDu917tgtunhJZ6BA2YdR559Boy9Y,15ZHsGfGVEyqqWRJVoKCiRjTEAoyzU9jFb,1,incoming,1,9665
1CeLgFDu917tgtunhJZ6BA2YdR559Boy9Y,1HaftTuJs5CSuFLCpP6PwWUp4vQUUotKpd,1,incoming,1,40030
1CeLgFDu917tgtunhJZ6BA2YdR559Boy9Y,bc1qhe528r0nfc8t9gnp3da3lvfdesuhmrnu6kvx4g,1,incoming,1,55176
1CeLgFDu917tgtunhJZ6BA2YdR559Boy9Y,19bNzSBD7t8FyV9iMoKrTzbrVaw4BRUKwh,1,incoming,1,55176
1CeLgFDu917tgtunhJZ6BA2YdR559Boy9Y,1Lt6bUZgV8LrnNR8Bzks5AuXopaMya4L8b,1,incoming,1,43670
1CeLgFDu917tgtunhJZ6BA2YdR559Boy9Y,15MedQdsfP4oWyknrW1CL6SRxqWfNYhHkk,1,incoming,1,35431
1CeLgFDu917tgtunhJZ6BA2YdR559Boy9Y,12UKNtDiKq51CZRzfM5nEs1i44HZS2fvy8,1,incoming,1,25984
1CeLgFDu917tgtunhJZ6BA2YdR559Boy9Y,bc1q0j8fzlrxfukczq4tvw93nu7aycy6d3hjp0rlxe,1,incoming,1,23643
1CeLgFDu917tgtunhJZ6BA2YdR559Boy9Y,bc1q0h6h6ru8ug20k9jkm2eu242drd238zy9947kf2,1,incoming,1,57846
1CeLgFDu917tgtunhJZ6BA2YdR559Boy9Y,1EdSX6o8f3d5YkFw9BtUCPw4ButB6wNPS9,1,incoming,1,60089
1CeLgFDu917tgtunhJZ6BA2YdR559Boy9Y,1CZHoJe1WWtqfa2qVLmZcng3eZfyRREC9z,1,incoming,1,51291
1CeLgFDu917tgtunhJZ6BA2YdR559Boy9Y,bc1qllfrq5mpwm9rf85qtutxcqmudxndfgjzqu46hh,1,incoming,1,31683
1CeLgFDu917tgtunhJZ6BA2YdR559Boy9Y,16yyDaxRJMC9dwhsir5VNxc82NVDkTdxuN,1,incoming,1,55176
1CeLgFDu917tgtunhJZ6BA2YdR559Boy9Y,bc1qnxwkjarxuye0a87ul9zw7han050sst8m054wqk,1,incoming,1,23643
1CeLgFDu917tgtunhJZ6BA2YdR559Boy9Y,bc1qk2y5zhx8weyssnnvu96h52uljlec5vlk55c257,1,incoming,1,55176
1CeLgFDu917tgtunhJZ6BA2YdR559Boy9Y,36zoteAyuPk6MSQTtGBh5SDLcaP1RWnENA,1,incoming,1,35431
1CeLgFDu917tgtunhJZ6BA2YdR559Boy9Y,1KvPQFFiccb3Gj3QoUixbNzS5NYMWyytE1,1,incoming,1,35431
1CeLgFDu917tgtunhJZ6BA2YdR559Boy9Y,1MQnn1vdRJedpVJtpzRS4A93jswKUonF5B,1,incoming,1,40030
1CeLgFDu917tgtunhJZ6BA2YdR559Boy9Y,178NxFD6fRMNRAt7psYuDutbw6jEHzTtJQ,1,incoming,1,16597
1CeLgFDu917tgtunhJZ6BA2YdR559Boy9Y,1PBhZjTwqSVuUFUcjtq2a3PFaNG5xvihwQ,1,incoming,1,8664
1CeLgFDu917tgtunhJZ6BA2YdR559Boy9Y,1E6iZ2YuSwhbLKPbCFHVji4NvjzXfTajG1,1,incoming,1,23643
1CeLgFDu917tgtunhJZ6BA2YdR559Boy9Y,bc1qsarjtf04qguuw398w0qcsjl7vr6pq9y8zl5etn,1,incoming,1,18900
1CeLgFDu917tgtunhJZ6BA2YdR559Boy9Y,1ASLFEMUpsY4CracVfJ86mJqNt5KzpUy3M,1,incoming,1,5333
1CeLgFDu917tgtunhJZ6BA2YdR559Boy9Y,1PsyExbT4umCdX1gQLJykXdw1heZBCjhoD,1,incoming,1,35431
1CeLgFDu917tgtunhJZ6BA2YdR559Boy9Y,bc1qeqjdgtxg4gnszfrc5vam0qut3nxm8d46ck5hv0,1,incoming,1,60089
1CeLgFDu917tgtunhJZ6BA2YdR559Boy9Y,bc1q78uu2dgmkwywcgmfhcshfr0hptns5w447ehuet,1,incoming,1,18900
1CeLgFDu917tgtunhJZ6BA2YdR559Boy9Y,1KfX9AWfdsHusoAXvicWnQA443HUkWBXLf,1,incoming,1,55176
1CeLgFDu917tgtunhJZ6BA2YdR559Boy9Y,16MSo6fqzxckCLo8ET3NCcQsjnbZHQCkg3,1,incoming,1,52665
1CeLgFDu917tgtunhJZ6BA2YdR559Boy9Y,bc1qsq6cp5nhts90tr5x736wvnssnktahp60wrtfl9,1,incoming,1,55176
1CeLgFDu917tgtunhJZ6BA2YdR559Boy9Y,17W28Red3WzJPvx47WdiEpz2FE97xeXEiK,1,incoming,1,15024
1CeLgFDu917tgtunhJZ6BA2YdR559Boy9Y,1NWnP2yNZTnNPfQx6TAKZ5GX1o7tAtcLeg,1,incoming,1,40030
1CeLgFDu917tgtunhJZ6BA2YdR559Boy9Y,1HrEGThCGzhdxJU9erRSK1rkRbTDDmskEa,1,incoming,1,23643
1CeLgFDu917tgtunhJZ6BA2YdR559Boy9Y,bc1quvpsy8e7qju7gjf7e849cccqdqwzg3nlpq76ns,1,incoming,1,23643
1CeLgFDu917tgtunhJZ6BA2YdR559Boy9Y,1JkGGt35XTc97ibpzkcmRh6TXkZM5veHUK,1,incoming,1,55176
1CeLgFDu917tgtunhJZ6BA2YdR559Boy9Y,18jjbZeyjoA9NETXhzfzKfnGkrA3A8k8UY,1,incoming,1,35431
1CeLgFDu917tgtunhJZ6BA2YdR559Boy9Y,1LCx8GmJ9jcK5xvnhHGEyfcUw8inmwAc2g,1,incoming,1,18048
1CeLgFDu917tgtunhJZ6BA2YdR559Boy9Y,bc1qrd2uj8edrmj4h6a4jv2uvsgu5q7383kk239ae2,1,incoming,1,60089
1CeLgFDu917tgtunhJZ6BA2YdR559Boy9Y,1PrdKgTCM2AQcgNKbYwbqd47FoTyqTec5p,1,incoming,1,10429
1CeLgFDu917tgtunhJZ6BA2YdR559Boy9Y,1G1QHnKguGaQGQZnx2413n4JByWhrcbMGc,1,incoming,1,30581
1CeLgFDu917tgtunhJZ6BA2YdR559Boy9Y,1DLzougCyv8hk7obvZsewY9sgApig4i4xp,1,incoming,1,23643
1CeLgFDu917tgtunhJZ6BA2YdR559Boy9Y,bc1qdts83c669fdxtsl9wzx6rddljwr96u2jaxasdj,1,incoming,1,60089
1CeLgFDu917tgtunhJZ6BA2YdR559Boy9Y,125tbEUkvHmqPRhL7Zz2yRWWkBH5xPB1kH,1,incoming,1,3464
1CeLgFDu917tgtunhJZ6BA2YdR559Boy9Y,1DWtjvsEfJCtqxc3Vbgeg9mVuQRTkQMyW2,1,incoming,1,42429
1CeLgFDu917tgtunhJZ6BA2YdR559Boy9Y,1271b4fUYKXK8MncFFU3bZHDd8m7FxQG24,1,incoming,1,23643
1CeLgFDu917tgtunhJZ6BA2YdR559Boy9Y,1HfHvwo2vdjjgbwcgXBYAqFhuNmVpi8FsT,1,incoming,1,52665
1CeLgFDu917tgtunhJZ6BA2YdR559Boy9Y,1HuXQ8yabNc44umpV7XAvgghKE1AcVneF8,1,incoming,1,55176
1CeLgFDu917tgtunhJZ6BA2YdR559Boy9Y,1Ar9KTy9bwEcg21ntdSWBMUNBX75ei9fY8,1,incoming,1,23643
1CeLgFDu917tgtunhJZ6BA2YdR559Boy9Y,1GeeTANfQkULXKzUBCLZRx1oq1jYbrTR4r,1,incoming,1,40030
1CeLgFDu917tgtunhJZ6BA2YdR559Boy9Y,15jVVYBBNvWzKN6VT5dMyzuPtSm7BryXpx,1,incoming,1,45497
1CeLgFDu917tgtunhJZ6BA2YdR559Boy9Y,1AahJ1MLka7G6Q14s6F5LyV5wFU3TTEvPX,1,incoming,1,51291
1CeLgFDu917tgtunhJZ6BA2YdR559Boy9Y,bc1qgxw8a64h9y7rpmr3mu3yx4msjm43m282lsxwau,1,incoming,1,37704
1CeLgFDu917tgtunhJZ6BA2YdR559Boy9Y,19pA42ircsuZnhW7YZrPWZZH434DaRzuZ4,1,incoming,1,23643
1CeLgFDu917tgtunhJZ6BA2YdR559Boy9Y,1Cv3iQaREfZeQYPRzgXjZWPy82VWsTgfeP,1,incoming,1,9665
1CeLgFDu917tgtunhJZ6BA2YdR559Boy9Y,bc1qztm34eepk0dy0xcjmrhsr3cawnjzjzupm67wmd,1,incoming,1,23643
1CeLgFDu917tgtunhJZ6BA2YdR559Boy9Y,1NfWKGxw32KBq4oQ3knT31Y8We3ihqr1Ts,1,incoming,1,23643
1CeLgFDu917tgtunhJZ6BA2YdR559Boy9Y,139NNjmMC7bBiaTH9sk1wQ6giKTV4oE2rg,1,incoming,1,1928
1CeLgFDu917tgtunhJZ6BA2YdR559Boy9Y,1FAnYj3BvTjry7ngr2JHbUJoFkdieAoLdX,1,incoming,1,52872
1CeLgFDu917tgtunhJZ6BA2YdR559Boy9Y,bc1ql0qqaakgm6vzqqk55mxc33608w9smcvcmauvr3,1,incoming,1,23643
1CpTCVckjajNKDd7PsApV3cAkunVd4Mcmt,1KQencJ5oXt6hZ9vFTQtj6kPryRStssTEX,1,bidirectional,2,17700000
1CpTCVckjajNKDd7PsApV3cAkunVd4Mcmt,16EzSEwk6JUS7jQRSHCCmcjxyJ3i2qV93V,1,bidirectional,2,19700000
1CpTCVckjajNKDd7PsApV3cAkunVd4Mcmt,1GaM57e7ihtfodez2YwsA27bzar4e93god,1,bidirectional,2,15300000
1CpTCVckjajNKDd7PsApV3cAkunVd4Mcmt,1AJ1bBa6QZrpu6HixnHERptjEsyaDAveaY,1,bidirectional,2,16500000
1CpTCVckjajNKDd7PsApV3cAkunVd4Mcmt,159MzMscdAaD2aN7QGP6ZRaMAy1XmGgomu,1,incoming,1,10000000
1CpTCVckjajNKDd7PsApV3cAkunVd4Mcmt,1DofQX9niKsgsdhAPUa7n8mk4ZCbbsaKB1,1,bidirectional,2,15700000
1CpTCVckjajNKDd7PsApV3cAkunVd4Mcmt,1P61d51qv2qsiZiEKUwQZGmymx89uySqmj,1,outgoing,1,1683790
1CpTCVckjajNKDd7PsApV3cAkunVd4Mcmt,1MUdAwfGSRjKyxR1UMVLeYwiN7VvBBZd3A,1,bidirectional,2,16100000
1CpTCVckjajNKDd7PsApV3cAkunVd4Mcmt,16KeGXLq5TTYwM9av2AqPoQTb1RHU2DuZ6,1,bidirectional,2,17300000
1CpTCVckjajNKDd7PsApV3cAkunVd4Mcmt,17q8f6hZj1N9pZy1381SPNU2sr27YVcgZ,1,bidirectional,2,16900000
1CpTCVckjajNKDd7PsApV3cAkunVd4Mcmt,1BXzyrYRHmg2tjG9y6SrDCjr3pbHuy3Bvo,1,outgoing,1,64265000
1CpTCVckjajNKDd7PsApV3cAkunVd4Mcmt,1JqUw7QW1bsbqY5yi7d1LYJnDYTrP7RwmH,1,bidirectional,2,14900000
1CpTCVckjajNKDd7PsApV3cAkunVd4Mcmt,112GqaH77XVBaQRGAGdCVnoKGDH7mrV86S,1,bidirectional,8,74800000
1GcnsLs7C31uuroNmUHwwbB5xQeNvm63Ee,1BXzyrYRHmg2tjG9y6SrDCjr3pbHuy3Bvo,1,outgoing,1,64265000
1GcnsLs7C31uuroNmUHwwbB5xQeNvm63Ee,1P61d51qv2qsiZiEKUwQZGmymx89uySqmj,1,outgoing,1,1683790
1HTDy9SkfhwaNCXFA8wFCvN53f3iGpm8kb,18zrUp8gyGfvM8uxDQB2pz5S3cRncXxJtX,1,bidirectional,2,19700000
1HTDy9SkfhwaNCXFA8wFCvN53f3iGpm8kb,1J9R76VSSrWqBhPbULS9p151W79pD9Vtuk,1,outgoing,1,1561027
1HTDy9SkfhwaNCXFA8wFCvN53f3iGpm8kb,13EymqMiv5ZLC6Z59xUj5poGfxDvk4cJFN,1,bidirectional,2,49300000
1HTDy9SkfhwaNCXFA8wFCvN53f3iGpm8kb,16L1zTs3YZhtYH9EygyiFNHMXKy6wj916U,1,bidirectional,2,30900000
1HTDy9SkfhwaNCXFA8wFCvN53f3iGpm8kb,1FygSGCypx9HwtJvfmqAqv5tsqcU8as7kD,1,outgoing,1,21300000
1HTDy9SkfhwaNCXFA8wFCvN53f3iGpm8kb,13KN4LvCA6yZz4jUb2BejD19pdzhphvgoL,1,bidirectional,2,48100000
1HTDy9SkfhwaNCXFA8wFCvN53f3iGpm8kb,14kLmzcVifDWfZNaqf4wj28GYpUVDqeiqw,1,bidirectional,2,48500000
1HTDy9SkfhwaNCXFA8wFCvN53f3iGpm8kb,15BJqQia4VSaYEDnhqbxL7WcrZ874aHri2,1,bidirectional,2,46900000
1HTDy9SkfhwaNCXFA8wFCvN53f3iGpm8kb,1P61d51qv2qsiZiEKUwQZGmymx89uySqmj,1,outgoing,1,1683790
1HTDy9SkfhwaNCXFA8wFCvN53f3iGpm8kb,1EEyAJBVUaCbUNReUuqWptr58MgPBMyCnR,1,outgoing,1,24900000
1HTDy9SkfhwaNCXFA8wFCvN53f3iGpm8kb,1BXzyrYRHmg2tjG9y6SrDCjr3pbHuy3Bvo,1,outgoing,1,64265000
1HTDy9SkfhwaNCXFA8wFCvN53f3iGpm8kb,1J43kFa1E91hYmtGAx6PNuCMPkGAAMb9LC,1,bidirectional,2,42900000
1HTDy9SkfhwaNCXFA8wFCvN53f3iGpm8kb,1Npg9sGcLgjoT8MLey6FsPpqA7BMikdoHx,1,bidirectional,2,47300000
1HTDy9SkfhwaNCXFA8wFCvN53f3iGpm8kb,1BcNadcAmpX4DdQoVz7f2gxc2niK6igzLL,1,bidirectional,2,19300000
1HTDy9SkfhwaNCXFA8wFCvN53f3iGpm8kb,1JMip67gsqTwn5NJoikaEvNGjSr2bLEY14,1,bidirectional,2,18900000
1HTDy9SkfhwaNCXFA8wFCvN53f3iGpm8kb,18LMhBQ791ERnujzvYkAtqFSxL29AftL14,1,bidirectional,2,20100000
1HTDy9SkfhwaNCXFA8wFCvN53f3iGpm8kb,149WwfCKncef41EZN44Qk2w6iebqsRoQ34,1,outgoing,1,16771
1HTDy9SkfhwaNCXFA8wFCvN53f3iGpm8kb,1Fy93V6pZyZzZo6FUkCpXAo4N8ReKRhk9w,1,outgoing,1,23900000
1Lud76Q98VRHCUiyK7XUs7AgFofrqXeP78,1K16PwTf9jxYJs9bN3WZMq2qxbKWsdTniF,1,outgoing,1,90468
1Lud76Q98VRHCUiyK7XUs7AgFofrqXeP78,15gqbKFX9GYsDzWiH3odZTfzrGqeEg7B4r,1,incoming,1,111225
1ML94w1SCudkiFHaEwYqTmKGTkywxVBuZg,13iUvwAbLEY9T7Ydg218wdjWitWbA2nSsA,1,incoming,1,4900000
1ML94w1SCudkiFHaEwYqTmKGTkywxVBuZg,1E1JbcuXG22HxYcGGXRbsXvAGGoVyZJ8pY,1,bidirectional,2,42900000
1ML94w1SCudkiFHaEwYqTmKGTkywxVBuZg,17XukBzbRKroEgDVXuL8P8ahayCH6Q3Psa,1,bidirectional,2,9500000
1ML94w1SCudkiFHaEwYqTmKGTkywxVBuZg,16g9UBFkDyNTWjDeqdR5uox1nD7awnvRJC,1,bidirectional,2,13700000
1ML94w1SCudkiFHaEwYqTmKGTkywxVBuZg,1BXzyrYRHmg2tjG9y6SrDCjr3pbHuy3Bvo,1,outgoing,1,64265000
1ML94w1SCudkiFHaEwYqTmKGTkywxVBuZg,12efWAnhjXJmGeYKaeJLwdKq2KYJbMTGfT,1,bidirectional,2,13300000
1ML94w1SCudkiFHaEwYqTmKGTkywxVBuZg,17gd1msp5FnMcEMF1MitTNSsYs7w7AQyCt,1,incoming,1,22000000
1ML94w1SCudkiFHaEwYqTmKGTkywxVBuZg,1P61d51qv2qsiZiEKUwQZGmymx89uySqmj,1,outgoing,1,1683790
1N9ALZUgqYzFQGDXvMY5j1c7PGMMGYqUde,1NPD3SzL4sbbdkcwJoQt7H3bt8pfwJgYZu,1,outgoing,1,146307
1N9ALZUgqYzFQGDXvMY5j1c7PGMMGYqUde,bc1qnc9a0paykve67gs6e9uf08vl3g6t98aqj4frs3,1,incoming,4,145571
1N9ALZUgqYzFQGDXvMY5j1c7PGMMGYqUde,bc1qh3z9rsq0r4tzaxtmajdy0xnmy30fxsptyu6zsk,1,bidirectional,5,492753
32Lsw4r5YGLS5qhZsgp1b2kk1xTbf7T4Wf,bc1qfc4g2vzxklyx45fk5tus9ucf3z3kc95vwvchsu,1,incoming,1,104460
